#timestamp [ns],filename
37083907410000.0,37083907410000.png
37083937184000.0,37083937184000.png
37083974014000.0,37083974014000.png
37084040640000.0,37084040640000.png
37084073999000.0,37084073999000.png
37084103728000.0,37084103728000.png
37084140731000.0,37084140731000.png
37084174103000.0,37084174103000.png
37084241424000.0,37084241424000.png
37084271673000.0,37084271673000.png
37084308380000.0,37084308380000.png
37084340808000.0,37084340808000.png
37084372887000.0,37084372887000.png
37084437111000.0,37084437111000.png
37084474152000.0,37084474152000.png
37084507360000.0,37084507360000.png
37084540907000.0,37084540907000.png
37084573479000.0,37084573479000.png
37084441752000.0,37084441752000.png
37084473474000.0,37084473474000.png
37084707466000.0,37084707466000.png
37084740657000.0,37084740657000.png
37084770201000.0,37084770201000.png
37084840754000.0,37084840754000.png
37084873905000.0,37084873905000.png
37084907496000.0,37084907496000.png
37084936888000.0,37084936888000.png
37084974441000.0,37084974441000.png
37086041344000.0,37086041344000.png
37086074522000.0,37086074522000.png
37086104925000.0,37086104925000.png
37086140450000.0,37086140450000.png
37086173944000.0,37086173944000.png
37086240645000.0,37086240645000.png
37086274802000.0,37086274802000.png
37086307254000.0,37086307254000.png
37086340425000.0,37086340425000.png
37086373748000.0,37086373748000.png
37086439726000.0,37086439726000.png
37086473479000.0,37086473479000.png
37085607166000.0,37085607166000.png
37085640523000.0,37085640523000.png
37085673882000.0,37085673882000.png
37085640364000.0,37085640364000.png
37085673788000.0,37085673788000.png
37085707148000.0,37085707148000.png
37085740344000.0,37085740344000.png
37085770032000.0,37085770032000.png
37085840224000.0,37085840224000.png
37085871575000.0,37085871575000.png
37085607695000.0,37085607695000.png
37085637773000.0,37085637773000.png
37085673627000.0,37085673627000.png
37086040331000.0,37086040331000.png
37086073859000.0,37086073859000.png
37086103426000.0,37086103426000.png
37086140463000.0,37086140463000.png
37086173734000.0,37086173734000.png
37086240451000.0,37086240451000.png
37086269928000.0,37086269928000.png
37086306439000.0,37086306439000.png
37086340292000.0,37086340292000.png
37086373655000.0,37086373655000.png
37086436815000.0,37086436815000.png
37086473842000.0,37086473842000.png
37086506878000.0,37086506878000.png
37086540264000.0,37086540264000.png
37086573691000.0,37086573691000.png
37086640279000.0,37086640279000.png
37086674072000.0,37086674072000.png
37086707710000.0,37086707710000.png
37086741119000.0,37086741119000.png
37086771491000.0,37086771491000.png
37086840835000.0,37086840835000.png
37086871330000.0,37086871330000.png
37086907661000.0,37086907661000.png
37086937664000.0,37086937664000.png
37086974646000.0,37086974646000.png
37087040407000.0,37087040407000.png
37087074466000.0,37087074466000.png
37087104390000.0,37087104390000.png
37087140753000.0,37087140753000.png
37087174146000.0,37087174146000.png
37087241148000.0,37087241148000.png
37087271064000.0,37087271064000.png
37087207433000.0,37087207433000.png
37087340733000.0,37087340733000.png
37087374033000.0,37087374033000.png
37087437618000.0,37087437618000.png
37087474476000.0,37087474476000.png
37087507574000.0,37087507574000.png
37087537694000.0,37087537694000.png
37087574435000.0,37087574435000.png
37087641106000.0,37087641106000.png
37087673996000.0,37087673996000.png
37087747486000.0,37087747486000.png
37087741148000.0,37087741148000.png
37087771026000.0,37087771026000.png
37087840587000.0,37087840587000.png
37087871140000.0,37087871140000.png
37087907223000.0,37087907223000.png
37087937786000.0,37087937786000.png
37087973931000.0,37087973931000.png
37088040126000.0,37088040126000.png
37088073913000.0,37088073913000.png
37088104274000.0,37088104274000.png
37088140491000.0,37088140491000.png
37088173837000.0,37088173837000.png
37088240839000.0,37088240839000.png
37088270945000.0,37088270945000.png
37088307435000.0,37088307435000.png
37088340739000.0,37088340739000.png
37088373911000.0,37088373911000.png
37088437419000.0,37088437419000.png
37088474327000.0,37088474327000.png
37088507566000.0,37088507566000.png
37088537830000.0,37088537830000.png
37088573824000.0,37088573824000.png
37088640357000.0,37088640357000.png
37088674263000.0,37088674263000.png
37088704227000.0,37088704227000.png
37088740623000.0,37088740623000.png
37088770760000.0,37088770760000.png
37088840364000.0,37088840364000.png
37088871160000.0,37088871160000.png
37088907069000.0,37088907069000.png
37088937389000.0,37088937389000.png
37088973661000.0,37088973661000.png
37086040285000.0,37086040285000.png
37086074214000.0,37086074214000.png
37086104201000.0,37086104201000.png
37086140442000.0,37086140442000.png
37086173289000.0,37086173289000.png
37086240868000.0,37086240868000.png
37086270769000.0,37086270769000.png
37086306471000.0,37086306471000.png
37086340252000.0,37086340252000.png
37086373486000.0,37086373486000.png
37086437136000.0,37086437136000.png
37086473694000.0,37086473694000.png
37086507166000.0,37086507166000.png
37086537846000.0,37086537846000.png
37086573595000.0,37086573595000.png
37126640316000.0,37126640316000.png
37086673611000.0,37086673611000.png
37086706747000.0,37086706747000.png
37086740650000.0,37086740650000.png
37086770652000.0,37086770652000.png
37089840510000.0,37089840510000.png
37089871052000.0,37089871052000.png
37089907148000.0,37089907148000.png
37089929992000.0,37089929992000.png
37089973804000.0,37089973804000.png
37090040074000.0,37090040074000.png
37090073584000.0,37090073584000.png
37090104131000.0,37090104131000.png
37090134440000.0,37090134440000.png
37090173229000.0,37090173229000.png
37090240651000.0,37090240651000.png
37090276650000.0,37090276650000.png
37090307187000.0,37090307187000.png
37090340557000.0,37090340557000.png
37090373468000.0,37090373468000.png
37090407237000.0,37090407237000.png
37090473907000.0,37090473907000.png
37090607341000.0,37090607341000.png
37090657669000.0,37090657669000.png
37090573868000.0,37090573868000.png
37090604068000.0,37090604068000.png
37090673488000.0,37090673488000.png
37090709436000.0,37090709436000.png
37090737034000.0,37090737034000.png
37090770594000.0,37090770594000.png
37090807028000.0,37090807028000.png
37090870616000.0,37090870616000.png
37090906621000.0,37090906621000.png
37090937164000.0,37090937164000.png
37090973238000.0,37090973238000.png
37091006786000.0,37091006786000.png
37091073388000.0,37091073388000.png
37091103493000.0,37091103493000.png
37091139953000.0,37091139953000.png
37091173474000.0,37091173474000.png
37091204053000.0,37091204053000.png
37091270237000.0,37091270237000.png
37091306782000.0,37091306782000.png
37091340064000.0,37091340064000.png
37091373963000.0,37091373963000.png
37091407087000.0,37091407087000.png
37091473517000.0,37091473517000.png
37091606988000.0,37091606988000.png
37091640276000.0,37091640276000.png
37091673623000.0,37091673623000.png
37091603589000.0,37091603589000.png
37091673704000.0,37091673704000.png
37091706727000.0,37091706727000.png
37091739842000.0,37091739842000.png
37091774446000.0,37091774446000.png
37091806576000.0,37091806576000.png
37091870462000.0,37091870462000.png
37091906586000.0,37091906586000.png
37091937002000.0,37091937002000.png
37091973724000.0,37091973724000.png
37092006424000.0,37092006424000.png
37092672890000.0,37092672890000.png
37092103695000.0,37092103695000.png
37092139812000.0,37092139812000.png
37092173499000.0,37092173499000.png
37092239820000.0,37092239820000.png
37092271306000.0,37092271306000.png
37092306849000.0,37092306849000.png
37092340163000.0,37092340163000.png
37092373079000.0,37092373079000.png
37092406627000.0,37092406627000.png
37092473026000.0,37092473026000.png
37092606880000.0,37092606880000.png
37092637460000.0,37092637460000.png
37092649833000.0,37092649833000.png
37092603691000.0,37092603691000.png
37092670046000.0,37092670046000.png
37092705835000.0,37092705835000.png
37092744278000.0,37092744278000.png
37092770058000.0,37092770058000.png
37092806496000.0,37092806496000.png
37092870348000.0,37092870348000.png
37092906814000.0,37092906814000.png
37092936812000.0,37092936812000.png
37092973016000.0,37092973016000.png
37093006280000.0,37093006280000.png
37093072929000.0,37093072929000.png
37093103174000.0,37093103174000.png
37093139842000.0,37093139842000.png
37093172992000.0,37093172992000.png
37093203678000.0,37093203678000.png
37093269864000.0,37093269864000.png
37093303826000.0,37093303826000.png
37093337041000.0,37093337041000.png
37093373194000.0,37093373194000.png
37093403596000.0,37093403596000.png
37093472924000.0,37093472924000.png
37093503463000.0,37093503463000.png
37093539985000.0,37093539985000.png
37093573243000.0,37093573243000.png
37093603228000.0,37093603228000.png
37093672609000.0,37093672609000.png
37093705961000.0,37093705961000.png
37093739368000.0,37093739368000.png
37093769812000.0,37093769812000.png
37093805852000.0,37093805852000.png
37093874233000.0,37093874233000.png
37093903371000.0,37093903371000.png
37093936552000.0,37093936552000.png
37093972276000.0,37093972276000.png
37094006275000.0,37094006275000.png
37094070347000.0,37094070347000.png
37094103314000.0,37094103314000.png
37094136923000.0,37094136923000.png
37094170333000.0,37094170333000.png
37094239357000.0,37094239357000.png
37094269655000.0,37094269655000.png
37094308761000.0,37094308761000.png
37094339796000.0,37094339796000.png
37094373223000.0,37094373223000.png
37094405917000.0,37094405917000.png
37094473179000.0,37094473179000.png
37094505569000.0,37094505569000.png
37094538893000.0,37094538893000.png
37094572164000.0,37094572164000.png
37094601477000.0,37094601477000.png
37094672051000.0,37094672051000.png
37094705526000.0,37094705526000.png
37094738923000.0,37094738923000.png
37094768624000.0,37094768624000.png
37094805658000.0,37094805658000.png
37094822660000.0,37094822660000.png
37094905671000.0,37094905671000.png
37094935260000.0,37094935260000.png
37094972150000.0,37094972150000.png
37096005444000.0,37096005444000.png
37096071921000.0,37096071921000.png
37096101463000.0,37096101463000.png
37096138408000.0,37096138408000.png
37096172118000.0,37096172118000.png
37096208399000.0,37096208399000.png
37096269841000.0,37096269841000.png
37096308041000.0,37096308041000.png
37096338621000.0,37096338621000.png
37096371912000.0,37096371912000.png
37096405245000.0,37096405245000.png
37096421877000.0,37096421877000.png
37096604123000.0,37096604123000.png
37096635233000.0,37096635233000.png
37096521981000.0,37096521981000.png
37096601536000.0,37096601536000.png
37096621999000.0,37096621999000.png
37096705455000.0,37096705455000.png
37096739624000.0,37096739624000.png
37096769248000.0,37096769248000.png
37096806279000.0,37096806279000.png
37096872069000.0,37096872069000.png
37096906272000.0,37096906272000.png
37096936192000.0,37096936192000.png
37096972066000.0,37096972066000.png
37096001918000.0,37096001918000.png
37096072664000.0,37096072664000.png
37096103098000.0,37096103098000.png
37096139636000.0,37096139636000.png
37096172015000.0,37096172015000.png
37096238434000.0,37096238434000.png
37096268289000.0,37096268289000.png
37096305116000.0,37096305116000.png
37096338491000.0,37096338491000.png
37096371897000.0,37096371897000.png
37096405118000.0,37096405118000.png
